{
  "pixmap_corners": [
    [
      0,
      0
    ],
    [
      600,
      0
    ],
    [
      600,
      400
    ],
    [
      0,
      400
    ]
  ],
  "realworld_corners": [
    [
      0.5,
      -0.3
    ],
    [
      1.5,
      -0.3
    ],
    [
      1.5,
      0.7
    ],
    [
      0.5,
      0.7
    ]
  ],
  "transform_matrix": [
    [
      0.0016666666666668069,
      1.6506298359111596e-16,
      0.5
    ],
    [
      -1.0767311159533409e-17,
      0.002500000000000371,
      -0.3000000119210136
    ],
    [
      4.979502600245312e-17,
      5.97088211354612e-17,
      1.0
    ]
  ]
}